                  epoch,             train/loss,  metrics/accuracy_top1,  metrics/accuracy_top5,               val/loss,                 lr/pg0,                 lr/pg1,                 lr/pg2
                      1,                0.36703,                      1,                      1,                0.55251,             0.00023747,             0.00023747,             0.00023747
                      2,                0.03776,                      1,                      1,                0.55167,             0.00031857,             0.00031857,             0.00031857
                      3,                0.02711,                      1,                      1,                0.55151,             0.00024258,             0.00024258,             0.00024258
