                  epoch,             train/loss,  metrics/accuracy_top1,  metrics/accuracy_top5,               val/loss,                 lr/pg0,                 lr/pg1,                 lr/pg2
                      1,                0.39985,                      1,                      1,                0.55282,             0.00023721,             0.00023721,             0.00023721
                      2,                0.03882,                      1,                      1,                0.55178,             0.00031839,             0.00031839,             0.00031839
                      3,                0.02488,                      1,                      1,                 0.5516,             0.00024249,             0.00024249,             0.00024249
