                  epoch,             train/loss,  metrics/accuracy_top1,  metrics/accuracy_top5,               val/loss,                 lr/pg0,                 lr/pg1,                 lr/pg2
                      1,                0.36776,                      1,                      1,                0.55224,             0.00023747,             0.00023747,             0.00023747
                      2,                0.04394,                      1,                      1,                0.55153,             0.00031857,             0.00031857,             0.00031857
                      3,                0.02764,                      1,                      1,                0.55171,             0.00024258,             0.00024258,             0.00024258
